#SampleID;alias;Compartment;Mesocosm;Sample_type;Water_type;Time;Sampling_date;NA_concentration
1-Mesocosm-1-1-Exp1-D-0-Sed;1-Mesocosm-1-1-Exp1-D-0-Sed;Sediments;Mesocosm_1;No_plant;OSPW;D-0;14-07-2021;1.1
2-Mesocosm-1-2-Exp1-D-0-Sed;2-Mesocosm-1-2-Exp1-D-0-Sed;Sediments;Mesocosm_1;No_plant;OSPW;D-0;14-07-2021;1.1
49-Mesocosm-1-1-Exp1-D28-Sed;49-Mesocosm-1-1-Exp1-D28-Sed;Sediments;Mesocosm_1;No_plant;OSPW;D28;18-08-2021;45.3
50-Mesocosm-1-2-Exp1-D28-Sed;50-Mesocosm-1-2-Exp1-D28-Sed;Sediments;Mesocosm_1;No_plant;OSPW;D28;18-08-2021;45.3
73-Mesocosm-1-1-Exp1-D42-Sed;73-Mesocosm-1-1-Exp1-D42-Sed;Sediments;Mesocosm_1;No_plant;OSPW;D42;01-09-2021;64.9
74-Mesocosm-1-2-Exp1-D42-Sed;74-Mesocosm-1-2-Exp1-D42-Sed;Sediments;Mesocosm_1;No_plant;OSPW;D42;01-09-2021;64.9
25-Mesocosm-1-1-Exp1-D8-Sed;25-Mesocosm-1-1-Exp1-D8-Sed;Sediments;Mesocosm_1;No_plant;OSPW;D8;29-07-2021;
26-Mesocosm-1-2-Exp1-D8-Sed;26-Mesocosm-1-2-Exp1-D8-Sed;Sediments;Mesocosm_1;No_plant;OSPW;D8;29-07-2021;
97-Mesocosm-1-1-Exp1-TEST-Sed;97-Mesocosm-1-1-Exp1-TEST-Sed;Sediments;Mesocosm_1;No_plant;OSPW;D84;13-10-2021;51.6
98-Mesocosm-1-2-Exp1-TEST-Sed;98-Mesocosm-1-2-Exp1-TEST-Sed;Sediments;Mesocosm_1;No_plant;OSPW;D84;13-10-2021;51.6
19-Mesocosm-10-1-Exp1-D-0-Sed;19-Mesocosm-10-1-Exp1-D-0-Sed;Sediments;Mesocosm_10;No_plant;OSPW;D-0;14-07-2021;1
20-Mesocosm-10-2-Exp1-D-0-Sed;20-Mesocosm-10-2-Exp1-D-0-Sed;Sediments;Mesocosm_10;No_plant;OSPW;D-0;14-07-2021;1
67-Mesocosm-10-1-Exp1-D28-Sed;67-Mesocosm-10-1-Exp1-D28-Sed;Sediments;Mesocosm_10;No_plant;OSPW;D28;18-08-2021;70.4
68-Mesocosm-10-2-Exp1-D28-Sed;68-Mesocosm-10-2-Exp1-D28-Sed;Sediments;Mesocosm_10;No_plant;OSPW;D28;18-08-2021;70.4
91-Mesocosm-10-1-Exp1-D42-Sed;91-Mesocosm-10-1-Exp1-D42-Sed;Sediments;Mesocosm_10;No_plant;OSPW;D42;01-09-2021;62.1
92-Mesocosm-10-2-Exp1-D42-Sed;92-Mesocosm-10-2-Exp1-D42-Sed;Sediments;Mesocosm_10;No_plant;OSPW;D42;01-09-2021;62.1
43-Mesocosm-10-1-Exp1-D8-Sed;43-Mesocosm-10-1-Exp1-D8-Sed;Sediments;Mesocosm_10;No_plant;OSPW;D8;29-07-2021;87.8
44-Mesocosm-10-2-Exp1-D8-Sed;44-Mesocosm-10-2-Exp1-D8-Sed;Sediments;Mesocosm_10;No_plant;OSPW;D8;29-07-2021;87.8
115-Mesocosm-10-1-Exp1-TEST-Sed;115-Mesocosm-10-1-Exp1-TEST-Sed;Sediments;Mesocosm_10;No_plant;OSPW;D84;13-10-2021;65.4
116-Mesococm-10-2-Exp1-TEST-Sed;116-Mesococm-10-2-Exp1-TEST-Sed;Sediments;Mesocosm_10;No_plant;OSPW;D84;13-10-2021;65.4
21-Mesocosm-11-1-Exp1-D-0-Sed;21-Mesocosm-11-1-Exp1-D-0-Sed;Sediments;Mesocosm_11;No_plant;Artificial_OSPW;D-0;14-07-2021;1.1
22-Mesocosm-11-2-Exp1-D-0-Sed;22-Mesocosm-11-2-Exp1-D-0-Sed;Sediments;Mesocosm_11;No_plant;Artificial_OSPW;D-0;14-07-2021;1.1
69-Mesocosm-11-1-Exp1-D28-Sed;69-Mesocosm-11-1-Exp1-D28-Sed;Sediments;Mesocosm_11;No_plant;Artificial_OSPW;D28;18-08-2021;0.4
70-Mesocosm-11-2-Exp1-D28-Sed;70-Mesocosm-11-2-Exp1-D28-Sed;Sediments;Mesocosm_11;No_plant;Artificial_OSPW;D28;18-08-2021;0.4
93-Mesocosm-11-1-Exp1-D42-Sed;93-Mesocosm-11-1-Exp1-D42-Sed;Sediments;Mesocosm_11;No_plant;Artificial_OSPW;D42;01-09-2021;0.8
94-Mesocosm-11-2-Exp1-D42-Sed;94-Mesocosm-11-2-Exp1-D42-Sed;Sediments;Mesocosm_11;No_plant;Artificial_OSPW;D42;01-09-2021;0.8
45-Mesocosm-11-1-Exp1-D8-Sed;45-Mesocosm-11-1-Exp1-D8-Sed;Sediments;Mesocosm_11;No_plant;Artificial_OSPW;D8;29-07-2021;0.8
46-Mesocosm-11-2-Exp1-D8-Sed;46-Mesocosm-11-2-Exp1-D8-Sed;Sediments;Mesocosm_11;No_plant;Artificial_OSPW;D8;29-07-2021;0.8
117-Mesocosm-11-1-Exp1-TEST-Sed;117-Mesocosm-11-1-Exp1-TEST-Sed;Sediments;Mesocosm_11;No_plant;Artificial_OSPW;D84;13-10-2021;0.8
118-Mesocosm-11-2-Exp1-TEST-Sed;118-Mesocosm-11-2-Exp1-TEST-Sed;Sediments;Mesocosm_11;No_plant;Artificial_OSPW;D84;13-10-2021;0.8
23-24-Mesocosm-12-1-12-2-Exp1-D-0-Racine;23-24-Mesocosm-12-1-12-2-Exp1-D-0-Racine;Roots;Mesocosm_12;Carex;OSPW;D-0;14-07-2021;0.7
23-24-Mesocosm-12-1-12-2-Exp1-D-0-Rhizo;23-24-Mesocosm-12-1-12-2-Exp1-D-0-Rhizo;Rhizosphere;Mesocosm_12;Carex;OSPW;D-0;14-07-2021;0.7
23-Mesocosm-12-1-Exp1-D-0-Sed;23-Mesocosm-12-1-Exp1-D-0-Sed;Sediments;Mesocosm_12;Carex;OSPW;D-0;14-07-2021;0.7
24-Mesocosm-12-2-Exp1-D-0-Sed;24-Mesocosm-12-2-Exp1-D-0-Sed;Sediments;Mesocosm_12;Carex;OSPW;D-0;14-07-2021;0.7
71-Mesocosm-12-1-Exp1-D28-Racine;71-Mesocosm-12-1-Exp1-D28-Racine;Roots;Mesocosm_12;Carex;OSPW;D28;18-08-2021;78.5
71-Mesocosm-12-1-Exp1-D28-Rhizo;71-Mesocosm-12-1-Exp1-D28-Rhizo;Rhizosphere;Mesocosm_12;Carex;OSPW;D28;18-08-2021;78.5
71-Mesocosm-12-1-Exp1-D28-Sed;71-Mesocosm-12-1-Exp1-D28-Sed;Sediments;Mesocosm_12;Carex;OSPW;D28;18-08-2021;78.5
72-Mesocosm-12-2-Exp1-D28-Racine;72-Mesocosm-12-2-Exp1-D28-Racine;Roots;Mesocosm_12;Carex;OSPW;D28;18-08-2021;78.5
72-Mesocosm-12-2-Exp1-D28-Rhizo;72-Mesocosm-12-2-Exp1-D28-Rhizo;Rhizosphere;Mesocosm_12;Carex;OSPW;D28;18-08-2021;78.5
72-Mesocosm-12-2-Exp1-D28-Sed;72-Mesocosm-12-2-Exp1-D28-Sed;Sediments;Mesocosm_12;Carex;OSPW;D28;18-08-2021;78.5
95-Mesocosm-12-1-Exp1-D42-Racine;95-Mesocosm-12-1-Exp1-D42-Racine;Roots;Mesocosm_12;Carex;OSPW;D42;01-09-2021;44.1
95-Mesocosm-12-1-Exp1-D42-Rhizo;95-Mesocosm-12-1-Exp1-D42-Rhizo;Rhizosphere;Mesocosm_12;Carex;OSPW;D42;01-09-2021;44.1
95-Mesocosm-12-1-Exp1-D42-Sed;95-Mesocosm-12-1-Exp1-D42-Sed;Sediments;Mesocosm_12;Carex;OSPW;D42;01-09-2021;44.1
96-Mesocosm-12-2-Exp1-D42-Racine;96-Mesocosm-12-2-Exp1-D42-Racine;Roots;Mesocosm_12;Carex;OSPW;D42;01-09-2021;44.1
96-Mesocosm-12-2-Exp1-D42-Rhizo;96-Mesocosm-12-2-Exp1-D42-Rhizo;Rhizosphere;Mesocosm_12;Carex;OSPW;D42;01-09-2021;44.1
96-Mesocosm-12-2-Exp1-D42-Sed;96-Mesocosm-12-2-Exp1-D42-Sed;Sediments;Mesocosm_12;Carex;OSPW;D42;01-09-2021;44.1
47-Mesocosm-12-1-Exp1-D8-Racine;47-Mesocosm-12-1-Exp1-D8-Racine;Roots;Mesocosm_12;Carex;OSPW;D8;29-07-2021;79.1
47-Mesocosm-12-1-Exp1-D8-Rhizo;47-Mesocosm-12-1-Exp1-D8-Rhizo;Rhizosphere;Mesocosm_12;Carex;OSPW;D8;29-07-2021;79.1
47-Mesocosm-12-1-Exp1-D8-Sed;47-Mesocosm-12-1-Exp1-D8-Sed;Sediments;Mesocosm_12;Carex;OSPW;D8;29-07-2021;79.1
48-Mesocosm-12-2-Exp1-D8-Racine;48-Mesocosm-12-2-Exp1-D8-Racine;Roots;Mesocosm_12;Carex;OSPW;D8;29-07-2021;79.1
48-Mesocosm-12-2-Exp1-D8-Rhizo;48-Mesocosm-12-2-Exp1-D8-Rhizo;Rhizosphere;Mesocosm_12;Carex;OSPW;D8;29-07-2021;79.1
48-Mesocosm-12-2-Exp1-D8-Sed;48-Mesocosm-12-2-Exp1-D8-Sed;Sediments;Mesocosm_12;Carex;OSPW;D8;29-07-2021;79.1
119-Mesocosm-12-1-Exp1-TEST-Racines;119-Mesocosm-12-1-Exp1-TEST-Racines;Roots;Mesocosm_12;Carex;OSPW;D84;13-10-2021;23.4
119-Mesocosm-12-1-Exp1-TEST-Rhizo;119-Mesocosm-12-1-Exp1-TEST-Rhizo;Rhizosphere;Mesocosm_12;Carex;OSPW;D84;13-10-2021;23.4
119-Mesocosm-12-1-Exp1-TEST-Sed;119-Mesocosm-12-1-Exp1-TEST-Sed;Sediments;Mesocosm_12;Carex;OSPW;D84;13-10-2021;23.4
120-Mesocosm-12-2-Exp1-TEST-Racine;120-Mesocosm-12-2-Exp1-TEST-Racine;Roots;Mesocosm_12;Carex;OSPW;D84;13-10-2021;23.4
120-Mesocosm-12-2-Exp1-TEST-Rhizo;120-Mesocosm-12-2-Exp1-TEST-Rhizo;Rhizosphere;Mesocosm_12;Carex;OSPW;D84;13-10-2021;23.4
120-Mesocosm-12-2-Exp1-TEST-Sed;120-Mesocosm-12-2-Exp1-TEST-Sed;Sediments;Mesocosm_12;Carex;OSPW;D84;13-10-2021;23.4
3-4-Mesocosm-2-1-2-2-Exp1-D-0-Rhizo;3-4-Mesocosm-2-1-2-2-Exp1-D-0-Rhizo;Rhizosphere;Mesocosm_2;Carex;OSPW;D-0;14-07-2021;0.7
3-Mesocosm-2-1-Exp1-D-0-Sed;3-Mesocosm-2-1-Exp1-D-0-Sed;Sediments;Mesocosm_2;Carex;OSPW;D-0;14-07-2021;0.7
4-Mesocosm-2-2-Exp1-D-0-Sed;4-Mesocosm-2-2-Exp1-D-0-Sed;Sediments;Mesocosm_2;Carex;OSPW;D-0;14-07-2021;0.7
3-4-Mesocosm-2-1-2-2-Exp1-D-0-Racine;3-4-Mesocosm-2-1-2-2-Exp1-D-0-Racine;Roots;Mesocosm_2;Carex;OSPW;D-0;14-07-2021;0.7
51-Mesocosm-2-1-Exp1-D28-Racine;51-Mesocosm-2-1-Exp1-D28-Racine;Roots;Mesocosm_2;Carex;OSPW;D28;18-08-2021;59.8
51-Mesocosm-2-1-Exp1-D28-Rhizo;51-Mesocosm-2-1-Exp1-D28-Rhizo;Rhizosphere;Mesocosm_2;Carex;OSPW;D28;18-08-2021;59.8
51-Mesocosm-2-1-Exp1-D28-Sed;51-Mesocosm-2-1-Exp1-D28-Sed;Sediments;Mesocosm_2;Carex;OSPW;D28;18-08-2021;59.8
52-Mesocosm-2-2-Exp1-D28-Racine;52-Mesocosm-2-2-Exp1-D28-Racine;Roots;Mesocosm_2;Carex;OSPW;D28;18-08-2021;59.8
52-Mesocosm-2-2-Exp1-D28-Rhizo;52-Mesocosm-2-2-Exp1-D28-Rhizo;Rhizosphere;Mesocosm_2;Carex;OSPW;D28;18-08-2021;59.8
52-Mesocosm-2-2-Exp1-D28-Sed;52-Mesocosm-2-2-Exp1-D28-Sed;Sediments;Mesocosm_2;Carex;OSPW;D28;18-08-2021;59.8
75-Mesocosm-2-1-Exp1-D42-Racine;75-Mesocosm-2-1-Exp1-D42-Racine;Roots;Mesocosm_2;Carex;OSPW;D42;01-09-2021;40.6
75-Mesocosm-2-1-Exp1-D42-Rhizo;75-Mesocosm-2-1-Exp1-D42-Rhizo;Rhizosphere;Mesocosm_2;Carex;OSPW;D42;01-09-2021;40.6
75-Mesocosm-2-1-Exp1-D42-Sed;75-Mesocosm-2-1-Exp1-D42-Sed;Sediments;Mesocosm_2;Carex;OSPW;D42;01-09-2021;40.6
76-Mesocosm-2-2-Exp1-D42-Racine;76-Mesocosm-2-2-Exp1-D42-Racine;Roots;Mesocosm_2;Carex;OSPW;D42;01-09-2021;40.6
76-Mesocosm-2-2-Exp1-D42-Rhizo;76-Mesocosm-2-2-Exp1-D42-Rhizo;Rhizosphere;Mesocosm_2;Carex;OSPW;D42;01-09-2021;40.6
76-Mesocosm-2-2-Exp1-D42-Sed;76-Mesocosm-2-2-Exp1-D42-Sed;Sediments;Mesocosm_2;Carex;OSPW;D42;01-09-2021;40.6
27-Mesocosm-2-1-Exp1-D8-Racine;27-Mesocosm-2-1-Exp1-D8-Racine;Roots;Mesocosm_2;Carex;OSPW;D8;29-07-2021;74.8
27-Mesocosm-2-1-Exp1-D8-Rhizo;27-Mesocosm-2-1-Exp1-D8-Rhizo;Rhizosphere;Mesocosm_2;Carex;OSPW;D8;29-07-2021;74.8
27-Mesocosm-2-1-Exp1-D8-Sed;27-Mesocosm-2-1-Exp1-D8-Sed;Sediments;Mesocosm_2;Carex;OSPW;D8;29-07-2021;74.8
28-Mesocosm-2-2-Exp1-D8-Racine;28-Mesocosm-2-2-Exp1-D8-Racine;Roots;Mesocosm_2;Carex;OSPW;D8;29-07-2021;74.8
28-Mesocosm-2-2-Exp1-D8-Rhizo;28-Mesocosm-2-2-Exp1-D8-Rhizo;Rhizosphere;Mesocosm_2;Carex;OSPW;D8;29-07-2021;74.8
28-Mesocosm-2-2-Exp1-D8-Sed;28-Mesocosm-2-2-Exp1-D8-Sed;Sediments;Mesocosm_2;Carex;OSPW;D8;29-07-2021;74.8
100-Mesocosm-2-2-Exp1-TEST-Racine;100-Mesocosm-2-2-Exp1-TEST-Racine;Roots;Mesocosm_2;Carex;OSPW;D84;13-10-2021;21.6
100-Mesocosm-2-2-Exp1-TEST-Rhizo;100-Mesocosm-2-2-Exp1-TEST-Rhizo;Rhizosphere;Mesocosm_2;Carex;OSPW;D84;13-10-2021;21.6
100-Mesocosm-2-2-Exp1-TEST-Sed;100-Mesocosm-2-2-Exp1-TEST-Sed;Sediments;Mesocosm_2;Carex;OSPW;D84;13-10-2021;21.6
99-Mesocosm-2-1-Exp1-TEST-Racines;99-Mesocosm-2-1-Exp1-TEST-Racines;Roots;Mesocosm_2;Carex;OSPW;D84;13-10-2021;21.6
99-Mesocosm-2-1-Exp1-TEST-Rhizo;99-Mesocosm-2-1-Exp1-TEST-Rhizo;Rhizosphere;Mesocosm_2;Carex;OSPW;D84;13-10-2021;21.6
99-Mesocosm-2-1-Exp1-TEST-Sed;99-Mesocosm-2-1-Exp1-TEST-Sed;Sediments;Mesocosm_2;Carex;OSPW;D84;13-10-2021;21.6
5-Mesocosm-3-1-Exp1-D-0-Sed;5-Mesocosm-3-1-Exp1-D-0-Sed;Sediments;Mesocosm_3;No_plant;OSPW;D-0;14-07-2021;1.1
6-Mesocosm-3-2-Exp1-D-0-Sed;6-Mesocosm-3-2-Exp1-D-0-Sed;Sediments;Mesocosm_3;No_plant;OSPW;D-0;14-07-2021;1.1
53-Mesocosm-3-1-Exp1-D28-Sed;53-Mesocosm-3-1-Exp1-D28-Sed;Sediments;Mesocosm_3;No_plant;OSPW;D28;18-08-2021;122.8
54-Mesocosm-3-2-Exp1-D28-Sed;54-Mesocosm-3-2-Exp1-D28-Sed;Sediments;Mesocosm_3;No_plant;OSPW;D28;18-08-2021;122.8
77-Mesocosm-3-1-Exp1-D42-Sed;77-Mesocosm-3-1-Exp1-D42-Sed;Sediments;Mesocosm_3;No_plant;OSPW;D42;01-09-2021;83.9
78-Mesocosm-3-2-Exp1-D42-Sed;78-Mesocosm-3-2-Exp1-D42-Sed;Sediments;Mesocosm_3;No_plant;OSPW;D42;01-09-2021;83.9
29-Mesocosm-3-1-Exp1-D8-Sed;29-Mesocosm-3-1-Exp1-D8-Sed;Sediments;Mesocosm_3;No_plant;OSPW;D8;29-07-2021;75.1
30-Mesocosm-3-2-Exp1-D8-Sed;30-Mesocosm-3-2-Exp1-D8-Sed;Sediments;Mesocosm_3;No_plant;OSPW;D8;29-07-2021;75.1
101-Mesocosm-3-1-Exp1-TEST-Sed;101-Mesocosm-3-1-Exp1-TEST-Sed;Sediments;Mesocosm_3;No_plant;OSPW;D84;13-10-2021;57.4
102-Mesocosm-3-2-Exp1-TEST-Sed;102-Mesocosm-3-2-Exp1-TEST-Sed;Sediments;Mesocosm_3;No_plant;OSPW;D84;13-10-2021;57.4
7-Mesocosm-4-1-Exp1-D-0-Sed;7-Mesocosm-4-1-Exp1-D-0-Sed;Sediments;Mesocosm_4;No_plant;Artificial_OSPW;D-0;14-07-2021;1.4
8-Mesocosm-4-2-Exp1-D-0-Sed;8-Mesocosm-4-2-Exp1-D-0-Sed;Sediments;Mesocosm_4;No_plant;Artificial_OSPW;D-0;14-07-2021;1.4
55-Mesocosm-4-1-Exp1-D28-Sed;55-Mesocosm-4-1-Exp1-D28-Sed;Sediments;Mesocosm_4;No_plant;Artificial_OSPW;D28;18-08-2021;0.3
56-Mesocosm-4-2-Exp1-D28-Sed;56-Mesocosm-4-2-Exp1-D28-Sed;Sediments;Mesocosm_4;No_plant;Artificial_OSPW;D28;18-08-2021;0.3
79-Mesocosm-4-1-Exp1-D42-Sed;79-Mesocosm-4-1-Exp1-D42-Sed;Sediments;Mesocosm_4;No_plant;Artificial_OSPW;D42;01-09-2021;0.2
80-Mesocosm-4-2-Exp1-D42-Sed;80-Mesocosm-4-2-Exp1-D42-Sed;Sediments;Mesocosm_4;No_plant;Artificial_OSPW;D42;01-09-2021;0.2
31-Mesocosm-4-1-Exp1-D8-Sed;31-Mesocosm-4-1-Exp1-D8-Sed;Sediments;Mesocosm_4;No_plant;Artificial_OSPW;D8;29-07-2021;0.2
32-Mesocosm-4-2-Exp1-D8-Sed;32-Mesocosm-4-2-Exp1-D8-Sed;Sediments;Mesocosm_4;No_plant;Artificial_OSPW;D8;29-07-2021;0.2
103-Mesocosm-4-1-Exp1-TEST-Sed;103-Mesocosm-4-1-Exp1-TEST-Sed;Sediments;Mesocosm_4;No_plant;Artificial_OSPW;D84;13-10-2021;0.3
104-Mesocosm-4-2-Exp1-TEST-Sed;104-Mesocosm-4-2-Exp1-TEST-Sed;Sediments;Mesocosm_4;No_plant;Artificial_OSPW;D84;13-10-2021;0.3
10-Mesocosm-5-2-Exp1-D-0-Sed;10-Mesocosm-5-2-Exp1-D-0-Sed;Sediments;Mesocosm_5;No_plant;Artificial_OSPW;D-0;14-07-2021;0.9
9-Mesocosm-5-1-Exp1-D-0-Sed;9-Mesocosm-5-1-Exp1-D-0-Sed;Sediments;Mesocosm_5;No_plant;Artificial_OSPW;D-0;14-07-2021;0.9
57-Mesocosm-5-1-Exp1-D28-Sed;57-Mesocosm-5-1-Exp1-D28-Sed;Sediments;Mesocosm_5;No_plant;Artificial_OSPW;D28;18-08-2021;0.4
58-Mesocosm-5-2-Exp1-D28-Sed;58-Mesocosm-5-2-Exp1-D28-Sed;Sediments;Mesocosm_5;No_plant;Artificial_OSPW;D28;18-08-2021;0.4
81-Mesocosm-5-1-Exp1-D42-Sed;81-Mesocosm-5-1-Exp1-D42-Sed;Sediments;Mesocosm_5;No_plant;Artificial_OSPW;D42;01-09-2021;0.5
82-Mesocosm-5-2-Exp1-D42-Sed;82-Mesocosm-5-2-Exp1-D42-Sed;Sediments;Mesocosm_5;No_plant;Artificial_OSPW;D42;01-09-2021;0.5
33-Mesocosm-5-1-Exp1-D8-Sed;33-Mesocosm-5-1-Exp1-D8-Sed;Sediments;Mesocosm_5;No_plant;Artificial_OSPW;D8;29-07-2021;0.5
34-Mesocosm-5-2-Exp1-D8-Sed;34-Mesocosm-5-2-Exp1-D8-Sed;Sediments;Mesocosm_5;No_plant;Artificial_OSPW;D8;29-07-2021;0.5
105-Mesocosm-5-1-Exp1-TEST-Sed;105-Mesocosm-5-1-Exp1-TEST-Sed;Sediments;Mesocosm_5;No_plant;Artificial_OSPW;D84;13-10-2021;0.1
106-Mesocosm-5-2-Exp1-TEST-Sed;106-Mesocosm-5-2-Exp1-TEST-Sed;Sediments;Mesocosm_5;No_plant;Artificial_OSPW;D84;13-10-2021;0.1
11-12-Mesocosm-6-1-6-2-Exp1-D-0-Racine;11-12-Mesocosm-6-1-6-2-Exp1-D-0-Racine;Roots;Mesocosm_6;Carex;OSPW;D-0;14-07-2021;1
11-12Mesocosm-6-1-6-2-Exp1-D-0-Rhizo;11-12Mesocosm-6-1-6-2-Exp1-D-0-Rhizo;Rhizosphere;Mesocosm_6;Carex;OSPW;D-0;14-07-2021;1
11-Mesocosm-6-1-Exp1-D-0-Sed;11-Mesocosm-6-1-Exp1-D-0-Sed;Sediments;Mesocosm_6;Carex;OSPW;D-0;14-07-2021;1
12-Mesocosm-6-2-Exp1-D-0-Sed;12-Mesocosm-6-2-Exp1-D-0-Sed;Sediments;Mesocosm_6;Carex;OSPW;D-0;14-07-2021;1
59-Mesocosm-6-1-Exp1-D28-Racine;59-Mesocosm-6-1-Exp1-D28-Racine;Roots;Mesocosm_6;Carex;OSPW;D28;18-08-2021;52.3
59-Mesocosm-6-1-Exp1-D28-Rhizo;59-Mesocosm-6-1-Exp1-D28-Rhizo;Rhizosphere;Mesocosm_6;Carex;OSPW;D28;18-08-2021;52.3
59-Mesocosm-6-1-Exp1-D28-Sed;59-Mesocosm-6-1-Exp1-D28-Sed;Sediments;Mesocosm_6;Carex;OSPW;D28;18-08-2021;52.3
60-Mesocosm-6-2-Exp1-D28-Racine;60-Mesocosm-6-2-Exp1-D28-Racine;Roots;Mesocosm_6;Carex;OSPW;D28;18-08-2021;52.3
60-Mesocosm-6-2-Exp1-D28-Rhizo;60-Mesocosm-6-2-Exp1-D28-Rhizo;Rhizosphere;Mesocosm_6;Carex;OSPW;D28;18-08-2021;52.3
60-Mesocosm-6-2-Exp1-D28-Sed;60-Mesocosm-6-2-Exp1-D28-Sed;Sediments;Mesocosm_6;Carex;OSPW;D28;18-08-2021;52.3
83-Mesocosm-6-1-Exp1-D42-Racine;83-Mesocosm-6-1-Exp1-D42-Racine;Roots;Mesocosm_6;Carex;OSPW;D42;01-09-2021;43.5
83-Mesocosm-6-1-Exp1-D42-Rhizo;83-Mesocosm-6-1-Exp1-D42-Rhizo;Rhizosphere;Mesocosm_6;Carex;OSPW;D42;01-09-2021;43.5
83-Mesocosm-6-1-Exp1-D42-Sed;83-Mesocosm-6-1-Exp1-D42-Sed;Sediments;Mesocosm_6;Carex;OSPW;D42;01-09-2021;43.5
84-Mesocosm-6-2-Exp1-D42-Racine;84-Mesocosm-6-2-Exp1-D42-Racine;Roots;Mesocosm_6;Carex;OSPW;D42;01-09-2021;43.5
84-Mesocosm-6-2-Exp1-D42-Rhizo;84-Mesocosm-6-2-Exp1-D42-Rhizo;Rhizosphere;Mesocosm_6;Carex;OSPW;D42;01-09-2021;43.5
84-Mesocosm-6-2-Exp1-D42-Sed;84-Mesocosm-6-2-Exp1-D42-Sed;Sediments;Mesocosm_6;Carex;OSPW;D42;01-09-2021;43.5
35-Mesocosm-6-1-Exp1-D8-Racine;35-Mesocosm-6-1-Exp1-D8-Racine;Roots;Mesocosm_6;Carex;OSPW;D8;29-07-2021;68.3
35-Mesocosm-6-1-Exp1-D8-Rhizo;35-Mesocosm-6-1-Exp1-D8-Rhizo;Rhizosphere;Mesocosm_6;Carex;OSPW;D8;29-07-2021;68.3
35-Mesocosm-6-1-Exp1-D8-Sed;35-Mesocosm-6-1-Exp1-D8-Sed;Sediments;Mesocosm_6;Carex;OSPW;D8;29-07-2021;68.3
36-Mesocosm-6-2-Exp1-D8-Racine;36-Mesocosm-6-2-Exp1-D8-Racine;Roots;Mesocosm_6;Carex;OSPW;D8;29-07-2021;68.3
36-Mesocosm-6-2-Exp1-D8-Rhizo;36-Mesocosm-6-2-Exp1-D8-Rhizo;Rhizosphere;Mesocosm_6;Carex;OSPW;D8;29-07-2021;68.3
36-Mesocosm-6-2-Exp1-D8-Sed;36-Mesocosm-6-2-Exp1-D8-Sed;Sediments;Mesocosm_6;Carex;OSPW;D8;29-07-2021;68.3
107-Mesocosm-6-1-Exp1-TEST-Racines;107-Mesocosm-6-1-Exp1-TEST-Racines;Roots;Mesocosm_6;Carex;OSPW;D84;13-10-2021;13.1
107-Mesocosm-6-1-Exp1-TEST-Rhizo;107-Mesocosm-6-1-Exp1-TEST-Rhizo;Rhizosphere;Mesocosm_6;Carex;OSPW;D84;13-10-2021;13.1
107-Mesocosm-6-1-Exp1-TEST-Sed;107-Mesocosm-6-1-Exp1-TEST-Sed;Sediments;Mesocosm_6;Carex;OSPW;D84;13-10-2021;13.1
108-Mesocosm-6-2-Exp1-TEST-Racine;108-Mesocosm-6-2-Exp1-TEST-Racine;Roots;Mesocosm_6;Carex;OSPW;D84;13-10-2021;13.1
108-Mesocosm-6-2-Exp1-TEST-Rhizo;108-Mesocosm-6-2-Exp1-TEST-Rhizo;Rhizosphere;Mesocosm_6;Carex;OSPW;D84;13-10-2021;13.1
108-Mesocosm-6-2-Exp1-TEST-Sed;108-Mesocosm-6-2-Exp1-TEST-Sed;Sediments;Mesocosm_6;Carex;OSPW;D84;13-10-2021;13.1
13-14-Mesocosm-7-1-7-2-Exp1-D-0-Racine;13-14-Mesocosm-7-1-7-2-Exp1-D-0-Racine;Roots;Mesocosm_7;Carex;OSPW;D-0;14-07-2021;0.4
13-14Mesocosm-7-1-7-2-Exp1-D-0-Rhizo;13-14Mesocosm-7-1-7-2-Exp1-D-0-Rhizo;Rhizosphere;Mesocosm_7;Carex;OSPW;D-0;14-07-2021;0.4
13-Mesocosm-7-1-Exp1-D-0-Sed;13-Mesocosm-7-1-Exp1-D-0-Sed;Sediments;Mesocosm_7;Carex;OSPW;D-0;14-07-2021;0.4
14-Mesocosm-7-2-Exp1-D-0-Sed;14-Mesocosm-7-2-Exp1-D-0-Sed;Sediments;Mesocosm_7;Carex;OSPW;D-0;14-07-2021;0.4
61-Mesocosm-7-1-Exp1-D28-Racine;61-Mesocosm-7-1-Exp1-D28-Racine;Roots;Mesocosm_7;Carex;OSPW;D28;18-08-2021;44.3
61-Mesocosm-7-1-Exp1-D28-Rhizo;61-Mesocosm-7-1-Exp1-D28-Rhizo;Rhizosphere;Mesocosm_7;Carex;OSPW;D28;18-08-2021;44.3
61-Mesocosm-7-1-Exp1-D28-Sed;61-Mesocosm-7-1-Exp1-D28-Sed;Sediments;Mesocosm_7;Carex;OSPW;D28;18-08-2021;44.3
62-Mesocosm-7-2-Exp1-D28-Racine;62-Mesocosm-7-2-Exp1-D28-Racine;Roots;Mesocosm_7;Carex;OSPW;D28;18-08-2021;44.3
62-Mesocosm-7-2-Exp1-D28-Rhizo;62-Mesocosm-7-2-Exp1-D28-Rhizo;Rhizosphere;Mesocosm_7;Carex;OSPW;D28;18-08-2021;44.3
62-Mesocosm-7-2-Exp1-D28-Sed;62-Mesocosm-7-2-Exp1-D28-Sed;Sediments;Mesocosm_7;Carex;OSPW;D28;18-08-2021;44.3
85-Mesocosm-7-1-Exp1-D42-Racine;85-Mesocosm-7-1-Exp1-D42-Racine;Roots;Mesocosm_7;Carex;OSPW;D42;01-09-2021;55.2
85-Mesocosm-7-1-Exp1-D42-Rhizo;85-Mesocosm-7-1-Exp1-D42-Rhizo;Rhizosphere;Mesocosm_7;Carex;OSPW;D42;01-09-2021;55.2
85-Mesocosm-7-1-Exp1-D42-Sed;85-Mesocosm-7-1-Exp1-D42-Sed;Sediments;Mesocosm_7;Carex;OSPW;D42;01-09-2021;55.2
86-Mesocosm-7-2-Exp1-D42-Racine;86-Mesocosm-7-2-Exp1-D42-Racine;Roots;Mesocosm_7;Carex;OSPW;D42;01-09-2021;55.2
86-Mesocosm-7-2-Exp1-D42-Rhizo;86-Mesocosm-7-2-Exp1-D42-Rhizo;Rhizosphere;Mesocosm_7;Carex;OSPW;D42;01-09-2021;55.2
86-Mesocosm-7-2-Exp1-D42-Sed;86-Mesocosm-7-2-Exp1-D42-Sed;Sediments;Mesocosm_7;Carex;OSPW;D42;01-09-2021;55.2
37-Mesocosm-7-1-Exp1-D8-Racine;37-Mesocosm-7-1-Exp1-D8-Racine;Roots;Mesocosm_7;Carex;OSPW;D8;29-07-2021;112.6
37-Mesocosm-7-1-Exp1-D8-Rhizo;37-Mesocosm-7-1-Exp1-D8-Rhizo;Rhizosphere;Mesocosm_7;Carex;OSPW;D8;29-07-2021;112.6
37-Mesocosm-7-1-Exp1-D8-Sed;37-Mesocosm-7-1-Exp1-D8-Sed;Sediments;Mesocosm_7;Carex;OSPW;D8;29-07-2021;112.6
38-Mesocosm-7-2-Exp1-D8-Racine;38-Mesocosm-7-2-Exp1-D8-Racine;Roots;Mesocosm_7;Carex;OSPW;D8;29-07-2021;112.6
38-Mesocosm-7-2-Exp1-D8-Rhizo;38-Mesocosm-7-2-Exp1-D8-Rhizo;Rhizosphere;Mesocosm_7;Carex;OSPW;D8;29-07-2021;112.6
38-Mesocosm-7-2-Exp1-D8-Sed;38-Mesocosm-7-2-Exp1-D8-Sed;Sediments;Mesocosm_7;Carex;OSPW;D8;29-07-2021;112.6
109-Mesocosm-7-1-Exp1-TEST-Racines;109-Mesocosm-7-1-Exp1-TEST-Racines;Roots;Mesocosm_7;Carex;OSPW;D84;13-10-2021;10.2
109-Mesocosm-7-1-Exp1-TEST-Rhizo;109-Mesocosm-7-1-Exp1-TEST-Rhizo;Rhizosphere;Mesocosm_7;Carex;OSPW;D84;13-10-2021;10.2
109-Mesocosm-7-1-Exp1-TEST-Sed;109-Mesocosm-7-1-Exp1-TEST-Sed;Sediments;Mesocosm_7;Carex;OSPW;D84;13-10-2021;10.2
110-Mesocosm-7-2-Exp1-TEST-Racine;110-Mesocosm-7-2-Exp1-TEST-Racine;Roots;Mesocosm_7;Carex;OSPW;D84;13-10-2021;10.2
110-Mesocosm-7-2-Exp1-TEST-Rhizo;110-Mesocosm-7-2-Exp1-TEST-Rhizo;Rhizosphere;Mesocosm_7;Carex;OSPW;D84;13-10-2021;10.2
110-Mesocosm-7-2-Exp1-TEST-Sed;110-Mesocosm-7-2-Exp1-TEST-Sed;Sediments;Mesocosm_7;Carex;OSPW;D84;13-10-2021;10.2
15-Mesocosm-8-1-Exp1-D-0-Sed;15-Mesocosm-8-1-Exp1-D-0-Sed;Sediments;Mesocosm_8;No_plant;Artificial_OSPW;D-0;14-07-2021;1.9
16-Mesocosm-8-2-Exp1-D-0-Sed;16-Mesocosm-8-2-Exp1-D-0-Sed;Sediments;Mesocosm_8;No_plant;Artificial_OSPW;D-0;14-07-2021;1.9
63-Mesocosm-8-1-Exp1-D28-Sed;63-Mesocosm-8-1-Exp1-D28-Sed;Sediments;Mesocosm_8;No_plant;Artificial_OSPW;D28;18-08-2021;0.4
64-Mesocosm-8-2-Exp1-D28-Sed;64-Mesocosm-8-2-Exp1-D28-Sed;Sediments;Mesocosm_8;No_plant;Artificial_OSPW;D28;18-08-2021;0.4
87-Mesocosm-8-1-Exp1-D42-Sed;87-Mesocosm-8-1-Exp1-D42-Sed;Sediments;Mesocosm_8;No_plant;Artificial_OSPW;D42;01-09-2021;0.7
88-Mesocosm-8-2-Exp1-D42-Sed;88-Mesocosm-8-2-Exp1-D42-Sed;Sediments;Mesocosm_8;No_plant;Artificial_OSPW;D42;01-09-2021;0.7
39-Mesocosm-8-1-Exp1-D8-Sed;39-Mesocosm-8-1-Exp1-D8-Sed;Sediments;Mesocosm_8;No_plant;Artificial_OSPW;D8;29-07-2021;0.2
40-Mesocosm-8-2-Exp1-D8-Sed;40-Mesocosm-8-2-Exp1-D8-Sed;Sediments;Mesocosm_8;No_plant;Artificial_OSPW;D8;29-07-2021;0.2
111-Mesocosm-8-1-Exp1-TEST-Sed;111-Mesocosm-8-1-Exp1-TEST-Sed;Sediments;Mesocosm_8;No_plant;Artificial_OSPW;D84;13-10-2021;1.3
112-Mesosocm-8-2-Exp1-TEST-Sed;112-Mesosocm-8-2-Exp1-TEST-Sed;Sediments;Mesocosm_8;No_plant;Artificial_OSPW;D84;13-10-2021;1.3
17-Mesocosm-9-1-Exp1-D-0-Sed;17-Mesocosm-9-1-Exp1-D-0-Sed;Sediments;Mesocosm_9;No_plant;OSPW;D-0;14-07-2021;1
18-Mesocosm-9-2-Exp1-D-0-Sed;18-Mesocosm-9-2-Exp1-D-0-Sed;Sediments;Mesocosm_9;No_plant;OSPW;D-0;14-07-2021;1
65-Mesocosm-9-1-Exp1-D28-Sed;65-Mesocosm-9-1-Exp1-D28-Sed;Sediments;Mesocosm_9;No_plant;OSPW;D28;18-08-2021;91.5
66-Mesocosm-9-2-Exp1-D28-Sed;66-Mesocosm-9-2-Exp1-D28-Sed;Sediments;Mesocosm_9;No_plant;OSPW;D28;18-08-2021;91.5
90-Mesocosm-9-2-Exp1-D42-Sed;90-Mesocosm-9-2-Exp1-D42-Sed;Sediments;Mesocosm_9;No_plant;OSPW;D42;01-09-2021;67.2
89-Mesocosm-9-1-Exp1-D42-Sed;89-Mesocosm-9-1-Exp1-D42-Sed;Sediments;Mesocosm_9;No_plant;OSPW;D42;01-09-2021;67.2
41-Mesocosm-9-1-Exp1-D8-Sed;41-Mesocosm-9-1-Exp1-D8-Sed;Sediments;Mesocosm_9;No_plant;OSPW;D8;29-07-2021;92
42-Mesocosm-9-2-Exp1-D8-Sed;42-Mesocosm-9-2-Exp1-D8-Sed;Sediments;Mesocosm_9;No_plant;OSPW;D8;29-07-2021;92
113-Mesocosm-9-1-Exp1-TEST-Sed;113-Mesocosm-9-1-Exp1-TEST-Sed;Sediments;Mesocosm_9;No_plant;OSPW;D84;13-10-2021;61.7
114-Mesocosm-9-2-Exp1-TEST-Sed;114-Mesocosm-9-2-Exp1-TEST-Sed;Sediments;Mesocosm_9;No_plant;OSPW;D84;13-10-2021;61.7
15-Mesocosm-root;15-Mesocosm-root;Root;sundefined;undefined;undefined;undefined;undefined;
16-Mesocosm-root;16-Mesocosm-root;Root;sundefined;undefined;undefined;undefined;undefined;
14-Mesocosm-rhizosphere;14-Mesocosm-rhizosphere;Rhizosphere;undefined;undefined;undefined;undefined;undefined;
13-Mesocosm-rhizosphere;13-Mesocosm-rhizosphere;Rhizosphere;undefined;undefined;undefined;undefined;undefined;
